Chunk Size (tokens),Chunk Overlap Size (token overlap),Embedding Models,Vector Database,Memory Usage 1 (MB),Memory Usage 2 (MB),Memory Usage 3 (MB),Retrieval Quality (Query 1) (sec),Retrieval Quality (Query 2) (sec),Retrieval Quality (Query 3) (sec),Additional Notes 1,Additional Notes 2,Additional Notes 3
200,0,sentence-transformers/all-MiniLM-L6-v2,Redis,1063,1063,1062,9.921,4.0736,9.6022,"good, comprehensive response","Really good, gave a short explanation of code","good, well structured response"
200,0,sentence-transformers/all-MiniLM-L6-v2,Chroma,1063,1065,1066,9.6402,5.9914,8.3294,"Very good, comprehensive","Very good, code and explanation","Good, descriptive"
200,0,sentence-transformers/all-MiniLM-L6-v2,Qdrant,503.58,503.58,503.58,17.85,12.33,26.85,"pretty good, lacks comprehensiveness","good, but no explanation","really good, thorough and comprehensive"
200,50,sentence-transformers/all-MiniLM-L6-v2,Redis,1061,1062,1062,9.0276,5.0609,9.7771,Really good,"Really good, structured code and explanations","Really good, descriptive"
200,50,sentence-transformers/all-MiniLM-L6-v2,Chroma,1064,1064,1065,10.415,5.2175,7.0485,Really good,"Really good, checking for errors too",Really good
200,50,sentence-transformers/all-MiniLM-L6-v2,Qdrant,791.75,791.75,791.75,13.57,10,24.45,"pretty good, comprehensive (same response as chunk=200, overlap=0)","good, no explanation","really good, comprehensive"
200,100,sentence-transformers/all-MiniLM-L6-v2,Redis,1063,1063,1063,4.9317,4.0048,8.0685,"Really good, more straightforward response","Really good, syntactically correct code","really good, comprehensive"
200,100,sentence-transformers/all-MiniLM-L6-v2,Chroma,1065,1066,1066,4.6668,4.3602,6.4033,"Really good, straightforward","Really good, added code comments",Really good
200,100,sentence-transformers/all-MiniLM-L6-v2,Qdrant,581.3,581.3,581.3,15.98,10.1,24.69,"Good, not descriptive","good, no explanation","pretty good, comprehensive"
500,0,sentence-transformers/all-MiniLM-L6-v2,Redis,1063,1063,1064,6.747,4.9028,10.9015,"Good, simple response","Good, different response than previous combos",Really good
500,0,sentence-transformers/all-MiniLM-L6-v2,Chroma,1065,1066,1062,6.7068,3.9034,8.5094,"Really good, descriptive","Good, didn't use find()","Okay, didn't separate by function"
500,0,sentence-transformers/all-MiniLM-L6-v2,Qdrant,574.36,574.36,574.36,18.15,13.02,29.13,"Good, not descriptive","good, no explanation","pretty good, comprehensive"
500,50,sentence-transformers/all-MiniLM-L6-v2,Redis,1064,1064,1065,5.3179,4.6917,11.1097,"Really good, simple response","Good, no explanation","Really good, separated the functions well"
500,50,sentence-transformers/all-MiniLM-L6-v2,Chroma,1064,1065,1065,4.4792,4.0309,6.1953,"Good, simple response","Good, simple respsonse","Okay, didn't separate by function"
500,50,sentence-transformers/all-MiniLM-L6-v2,Qdrant,738.84,738.84,738.84,10.62,10.65,30.41,"good, not descriptive","good, no explanation","really good, comprehensive"
500,100,sentence-transformers/all-MiniLM-L6-v2,Redis,1065,1065,1065,6.7982,4.4456,9.2185,"Really good, comprehensive","Really good, explanation",Really good
500,100,sentence-transformers/all-MiniLM-L6-v2,Chroma,1062,1064,1064,10.9196,3.9016,5.5662,Really good,"Good, could be better explanation","Okay, didn't separate by function"
500,100,sentence-transformers/all-MiniLM-L6-v2,Qdrant,727.98,727.98,727.98,12.61,11.45,29.75,good but not descriptive,"good, no explanation","good, same response as last chunk-overlap combo"
1000,0,sentence-transformers/all-MiniLM-L6-v2,Redis,1065,1066,1065,6.1275,3.3135,7.9515,Really good,"Good, little different than other responses ",Really good
1000,0,sentence-transformers/all-MiniLM-L6-v2,Chroma,1064,1064,1065,5.0549,5.2113,7.7636,"Really good, descriptive","Really good, descriptive",Really good
1000,0,sentence-transformers/all-MiniLM-L6-v2,Qdrant,754.64,754.64,754.64,13.55,9.89,27.34,good but not descriptive,good no explanation,"good, comprehensive"
1000,50,sentence-transformers/all-MiniLM-L6-v2,Redis,1065,1065,1066,6.4301,4.7661,7.6119,Really good,"Good, simple","Good, a little simple"
1000,50,sentence-transformers/all-MiniLM-L6-v2,Chroma,1064,1065,1065,6.4511,4.9879,8.06,Really good,"Really good, well explained","Okay, some irrelevant info"
1000,50,sentence-transformers/all-MiniLM-L6-v2,Qdrant,707.92,707.92,707.92,11.98,9.92,27.42,good but not descriptive,good but no explanation,"good, wordy single paragraph"
1000,100,sentence-transformers/all-MiniLM-L6-v2,Redis,1066,1066,1066,4.6316,4.7672,7.0051,"Good, simple","Really good, simple explanation","Really good, comprehensive"
1000,100,sentence-transformers/all-MiniLM-L6-v2,Chroma,1064,1064,1065,4.2571,2.8092,7.5832,"Good, simple","Good, but simple","Really good, comprehensive"
1000,100,sentence-transformers/all-MiniLM-L6-v2,Qdrant,736.83,736.83,736.83,18.13,8.96,21.83,"really good, very comprehesive!!",good but no explanation,"good, comprehensive"
200,0,sentence-transformers/all-mpnet-base-v2,Redis,1071,1079,1080,9.7578,2.8772,10.9693,"Not good, very simple and short response","Not good, very simple","Okay, separated by structure not functions"
200,0,sentence-transformers/all-mpnet-base-v2,Chroma,1059,1061,1063,5.3855,4.1429,8.5826,"Good, simple","Very good, descriptive","Good, descriptive, a little clunky"
200,0,sentence-transformers/all-mpnet-base-v2,Qdrant,1245.34,1245.34,1245.34,18.97,10.53,22.15,"good, but unnecessary details included ",good but no explanation,"good, comprehensive"
200,50,sentence-transformers/all-mpnet-base-v2,Redis,1080,1080,1080,6.7344,2.7898,7.5667,"Not good, very clunky paragraph","Not very good, just code response","Okay, separated by structure + simple"
200,50,sentence-transformers/all-mpnet-base-v2,Chroma,1064,1065,1065,5.7402,4.8265,8.7279,"Really good, descriptive","Good, descriptive",Really good
200,50,sentence-transformers/all-mpnet-base-v2,Qdrant,1113.55,1113.55,1113.55,22.33,9.67,37.34,"good, comprehensive",good but no explanation,"very good, comprehensive"
200,100,sentence-transformers/all-mpnet-base-v2,Redis,1080,1081,1080,6.1954,2.7873,9.6447,"Very bad, missed the I component","Not good, simple, just code","Good, descriptive"
200,100,sentence-transformers/all-mpnet-base-v2,Chroma,1064,1065,1065,4.5214,2.7698,8.5584,Really good ,"Okay, not descriptive","Good, descriptive but clunky"
200,100,sentence-transformers/all-mpnet-base-v2,Qdrant,1106.84,1106.84,1106.84,27.44,10.79,30.82,"really good, comprehensive",good but no explanation,"very good, comprehensive"
500,0,sentence-transformers/all-mpnet-base-v2,Redis,1080,1080,1083,4.3161,2.7807,12.6138,"Very bad, missing a lot of information","Not good, simple just code","Okay, descriptive and highlights differences"
500,0,sentence-transformers/all-mpnet-base-v2,Chroma,1065,1065,1066,5.8597,4.716,7.6369,"Really good, descriptive","Really good, comprehensive",Really good
500,0,sentence-transformers/all-mpnet-base-v2,Qdrant,979.97,979.97,979.97,21.39,9.46,49.68,"pretty good, comprehensive",good but no explanation,"very good, comprehensive"
500,50,sentence-transformers/all-mpnet-base-v2,Redis,1082,1083,1083,6.5077,2.8302,12.8634,"Okay, clunky response","Not good, simple just code","Good, comprehensive"
500,50,sentence-transformers/all-mpnet-base-v2,Chroma,1065,1065,1066,4.9869,2.8604,8.3913,"Good, simple","Good, simple","Really good, comprehensive"
500,50,sentence-transformers/all-mpnet-base-v2,Qdrant,1026.69,1026.69,1026.69,19.09,10.71,33.78,"pretty good, comprehensive",good but no explanation,"very good, comprehensive"
500,100,sentence-transformers/all-mpnet-base-v2,Redis,1083,1083,1083,8.301,2.8376,15.7473,"Good, simple","Not good, simple just code","Good, pretty comprehensive"
500,100,sentence-transformers/all-mpnet-base-v2,Chroma,1065,1066,1066,5.6723,3.904,5.7521,Really good,"Really good, comprehensive","Good, could be better"
500,100,sentence-transformers/all-mpnet-base-v2,Qdrant,1033.7,1033.7,1033.7,17.68,14.39,29.59,"pretty good, comprehensive",good but no explanation,"good, pretty comprehensive"
1000,0,sentence-transformers/all-mpnet-base-v2,Redis,1072,1079,1082,11.3768,2.9011,15.1583,Good,"Not good, simple just code","Very good, comprehensive"
1000,0,sentence-transformers/all-mpnet-base-v2,Chroma,1065,1066,1066,5.2287,5.3407,7.5706,"Good, concise but clear","Really good, in depth explanation","Really good, comprehensive"
1000,0,sentence-transformers/all-mpnet-base-v2,Qdrant,991.86,991.86,991.86,17.28,9.31,32.06,"very good, comprehensive",good but no explanation,"good, very comprehensive"
1000,50,sentence-transformers/all-mpnet-base-v2,Redis,1082,1082,1083,7.865,3.9003,12.0632,"Good, comprehensive","Not good, simple just code","Good, not as comprehensive"
1000,50,sentence-transformers/all-mpnet-base-v2,Chroma,1065,1066,1066,4.1295,5.0576,7.2246,"Okay, clunky response","Okay, didn't structure code","Really good, comprehensive"
1000,50,sentence-transformers/all-mpnet-base-v2,Qdrant,1036.92,1036.92,1036.92,18.67,10.34,37.71,"good, comphensive","good, but no explanation",good comprehensive
1000,100,sentence-transformers/all-mpnet-base-v2,Redis,1082,1082,1083,5.1668,2.7733,11.1485,Not good,"Not good, simple just code","Good, not as comprehensive"
1000,100,sentence-transformers/all-mpnet-base-v2,Chroma,1065,1066,1066,4.7212,4.1762,5.3017,"Really good, comprehensive",Good,"Okay, didn't separate by function"
1000,100,sentence-transformers/all-mpnet-base-v2,Qdrant,1241.31,1241.31,1241.31,13.76,7.55,44.66,good but all in one paragraph (wordy),good but no explanation,"good, comprehensive"
200,0,mxbai-embed-large,Redis,1061,1062,1062,19.1929,3.5378,5.9497,"Very good, really comprehensive",Okay,"Okay, didn't break down by function"
200,0,mxbai-embed-large,Chroma,714.31,714.31,714.31,21.12,16.82,25.14,"very good, comprehensive",very good,"very comprehensive, unique response from others"
200,0,mxbai-embed-large,Qdrant,593.17,593.17,593.17,28.65,10.82,22.95,"okay, only gives info on two of the components",good but no explanation,"good, comprehensive"
200,50,mxbai-embed-large,Redis,1061,1062,1062,6.4657,5.5872,7.4202,"Good, pretty comprehensive","Good, well structured code","Okay, didn't break down by function"
200,50,mxbai-embed-large,Chroma,1110.38,1110.38,1110.38,12.41,10.34,28.3,"very good, comprehensive",pretty good,"very good, comprehensive"
200,50,mxbai-embed-large,Qdrant,610.47,610.47,610.47,27.93,9.83,27.81,"pretty good, explains comprehensive but also includes unnecessary details",good but no explanation,"very good, comprehensive"
200,100,mxbai-embed-large,Redis,1061,1062,1063,6.0608,5.7308,6.2543,"Good, concise but clear","Very good, code with explanation","Okay, didn't break down by functions"
200,100,mxbai-embed-large,Chroma,938.5,938.5,938.5,20.54,16.05,17.56,pretty good,very good ,"very good, comprehensive"
200,100,mxbai-embed-large,Qdrant,734.97,734.97,734.97,17.31,11.34,33.2,"Good, but lacks deeper explanation",good but no explanation,"very good, comprehensive"
500,0,mxbai-embed-large,Redis,1062,1063,1064,8.2589,4.0677,8.2105,"Good, concise but comprehensive","Good, well structured code","Good, fairly comprehensive"
500,0,mxbai-embed-large,Chroma,736.86,736.86,736.86,16.69,12.53,26.86,"very good, comprehensive","very good, comprehensive","very good, comprehensive"
500,0,mxbai-embed-large,Qdrant,549.88,549.88,549.88,25.52,9.67,25.2,"very good,comprehensive",good,"good, comprehensive"
500,50,mxbai-embed-large,Redis,1064,1064,1064,4.8824,3.9688,7.8423,"Good, concise but comprehensive","Very good, explanation with code","Okay, didn't break down by function"
500,50,mxbai-embed-large,Chroma,656.78,656.78,656.78,16.73,14.21,14.61,"good, comprehensive","good, comprehensive","good, comprehensive"
500,50,mxbai-embed-large,Qdrant,625.95,625.95,625.95,22.28,12.29,28.01,"very good, comprehensive",good,"good, comprehensive"
500,100,mxbai-embed-large,Redis,1063,1065,1065,3.9586,4.0759,7.8418,Very good,"Good, well structured, short explanation","Okay, didn't like part of the answer"
500,100,mxbai-embed-large,Chroma,633.67,633.67,633.67,18.09,12.27,21.92,very good,"good, comprehensive","good, comprehensive"
500,100,mxbai-embed-large,Qdrant,606.42,606.42,606.42,23.53,10.5,32.13,"good, but not as in depth",good,"pretty good, comprehensive"
1000,0,mxbai-embed-large,Redis,1064,1065,1065,5.3601,4.0297,8.7235,Very good,"Very good, explanation and code","Very good, comprehensive"
1000,0,mxbai-embed-large,Chroma,551.45,551.45,551.45,15.72,18.92,30.21,"very good, comprehensive","very good, comprehensive","pretty good, comprehensive"
1000,0,mxbai-embed-large,Qdrant,546.27,546.27,546.27,16.68,10.82,31.84,"good, comprehensive",good,"pretty good, comprehensive"
1000,50,mxbai-embed-large,Redis,1065,1065,1066,5.3702,4.1541,5.3995,"Very good, well explained","Very good, great explanations","Good, could be more descriptive"
1000,50,mxbai-embed-large,Chroma,324.89,324.89,324.89,23.82,13.711,21.01,"Very good, well explained","Very good, thorough explanation","great, comprehensive"
1000,50,mxbai-embed-large,Qdrant,603.44,603.44,603.44,21.4,10.4,35.69,"good, comprehensive, concise",good,good comprehensive
1000,100,mxbai-embed-large,Redis,1065,1065,1066,6.4316,2.7129,7.4706,"Very good, well explained","Okay, not much explanation","Very good, comprehensive"
1000,100,mxbai-embed-large,Chroma,308.27,308.27,308.27,25.23,15.1,22.81,"very good, well explained",whoa! this is good and gives good explanation,"Very good, comprehensive"
1000,100,mxbai-embed-large,Qdrant,625.31,625.31,625.31,11.03,11.81,55.91,"good, not much","ok, not much","very good, comprehensive"